{
  "latent_dims": [
    8,
    16,
    32,
    64,
    128,
    256
  ],
  "mse": {
    "fc": [
      1.7517833709716797,
      1.6274645328521729,
      1.5859488248825073,
      1.5790164470672607,
      1.5830296277999878,
      1.5561153888702393
    ],
    "cnn": [
      1.418405532836914,
      1.2396783828735352,
      1.0416491031646729,
      0.8844524621963501,
      0.825661838054657,
      0.8389805555343628
    ],
    "lstm": [
      1.8953603506088257,
      1.7662039995193481,
      1.807960033416748,
      1.8212907314300537,
      1.7804499864578247,
      1.827628254890442
    ],
    "unet": [
      0.004997164476662874,
      0.005136305000633001,
      0.00566857447847724,
      0.0051129767671227455,
      0.005043854005634785,
      0.005114851053804159
    ],
    "transformer": [
      0.004356303717941046,
      0.004339535254985094,
      0.004306212067604065,
      0.00433085672557354,
      0.0042592184618115425,
      0.004306016024202108
    ],
    "wavelet": [
      0.031427834182977676,
      0.031427834182977676,
      0.031427834182977676,
      0.031427834182977676,
      0.031427834182977676,
      0.031427834182977676
    ]
  },
  "snr": {
    "fc": [
      0.1903943121433258,
      0.3318449854850769,
      0.39436981081962585,
      0.36899250745773315,
      0.3908555209636688,
      0.5156017541885376
    ],
    "cnn": [
      0.03387276455760002,
      0.9246149063110352,
      1.0243192911148071,
      1.5300490856170654,
      1.9780941009521484,
      1.9972420930862427
    ],
    "lstm": [
      0.17581181228160858,
      0.1947360336780548,
      0.17836467921733856,
      0.5119491219520569,
      0.419685423374176,
      0.28476452827453613
    ],
    "unet": [
      14.2637939453125,
      14.21304988861084,
      14.108952522277832,
      14.220880508422852,
      14.4868745803833,
      14.335491180419922
    ],
    "transformer": [
      14.765336990356445,
      14.782258033752441,
      14.707778930664062,
      14.752808570861816,
      14.774068832397461,
      14.737957954406738
    ],
    "wavelet": [
      9.939229011535645,
      9.939229011535645,
      9.939229011535645,
      9.939229011535645,
      9.939229011535645,
      9.939229011535645
    ]
  }
}