{
  "fc": {
    "gaussian": {
      "gaussian": -9.121567457914352,
      "masking": -1.6918211034499109,
      "impulse": 7.37833896279335,
      "sinusoidal": -2.5932111144065857
    },
    "masking": {
      "gaussian": -9.823501318693161,
      "masking": -1.4827227592468262,
      "impulse": 6.224287509918213,
      "sinusoidal": -3.324423909187317
    },
    "impulse": {
      "gaussian": -9.126396536827087,
      "masking": -1.6677471185103059,
      "impulse": 7.393015772104263,
      "sinusoidal": -2.59976863861084
    },
    "sinusoidal": {
      "gaussian": -9.118131786584854,
      "masking": -1.652793130138889,
      "impulse": 7.390990257263184,
      "sinusoidal": -2.586406648159027
    }
  },
  "cnn": {
    "gaussian": {
      "gaussian": -8.482813358306885,
      "masking": -1.6624137070029974,
      "impulse": 7.281419888138771,
      "sinusoidal": -1.960303783416748
    },
    "masking": {
      "gaussian": -8.465983211994171,
      "masking": -0.7336787581443787,
      "impulse": 4.600708484649658,
      "sinusoidal": -2.0221452713012695
    },
    "impulse": {
      "gaussian": -8.466770768165588,
      "masking": -1.6580182705074549,
      "impulse": 8.123805165290833,
      "sinusoidal": -1.897112250328064
    },
    "sinusoidal": {
      "gaussian": -8.835642158985138,
      "masking": -1.8743590861558914,
      "impulse": 6.592535316944122,
      "sinusoidal": -2.09756737947464
    }
  },
  "lstm": {
    "gaussian": {
      "gaussian": -9.109731435775757,
      "masking": -1.6355961747467518,
      "impulse": 7.333273157477379,
      "sinusoidal": -2.5828794836997986
    },
    "masking": {
      "gaussian": -9.74139341711998,
      "masking": -1.9210517406463623,
      "impulse": 6.27336573600769,
      "sinusoidal": -3.3557391464710236
    },
    "impulse": {
      "gaussian": -9.384727532044053,
      "masking": -1.749481275677681,
      "impulse": 7.119158327113837,
      "sinusoidal": -2.856386385858059
    },
    "sinusoidal": {
      "gaussian": -9.740869879722595,
      "masking": -2.2886096239089966,
      "impulse": 6.795352041721344,
      "sinusoidal": -3.107728362083435
    }
  },
  "unet": {
    "gaussian": {
      "gaussian": 3.848438262939453,
      "masking": -0.08110606670379639,
      "impulse": 3.6415042877197266,
      "sinusoidal": 0.47211670875549316
    },
    "masking": {
      "gaussian": -0.49125194549560547,
      "masking": 2.4019646644592285,
      "impulse": 2.9668006896972656,
      "sinusoidal": -1.2312852144241333
    },
    "impulse": {
      "gaussian": -0.23636531829833984,
      "masking": -0.7763816118240356,
      "impulse": 13.996876239776611,
      "sinusoidal": 4.48239278793335
    },
    "sinusoidal": {
      "gaussian": -6.9467246532440186,
      "masking": -5.7274274826049805,
      "impulse": 1.5179448127746582,
      "sinusoidal": 20.53698444366455
    }
  },
  "transformer": {
    "gaussian": {
      "gaussian": 3.536564826965332,
      "masking": -0.32324302196502686,
      "impulse": 2.085543632507324,
      "sinusoidal": 0.31387901306152344
    },
    "masking": {
      "gaussian": -6.111972093582153,
      "masking": 0.2559598684310913,
      "impulse": -5.012568950653076,
      "sinusoidal": -5.548500299453735
    },
    "impulse": {
      "gaussian": 0.4156064987182617,
      "masking": -1.0155519247055054,
      "impulse": 15.9592924118042,
      "sinusoidal": -1.320852518081665
    },
    "sinusoidal": {
      "gaussian": -7.285614013671875,
      "masking": -6.104337930679321,
      "impulse": 0.17678499221801758,
      "sinusoidal": 30.050875663757324
    }
  },
  "wavelet": {
    "gaussian": {
      "gaussian": 0.5240306854248047,
      "masking": 0.03322649002075195,
      "impulse": 0.795203685760498,
      "sinusoidal": -0.09742593765258789
    },
    "masking": {
      "gaussian": 0.5240306854248047,
      "masking": 0.03322649002075195,
      "impulse": 0.795203685760498,
      "sinusoidal": -0.09742593765258789
    },
    "impulse": {
      "gaussian": 0.5240306854248047,
      "masking": 0.03322649002075195,
      "impulse": 0.795203685760498,
      "sinusoidal": -0.09742593765258789
    },
    "sinusoidal": {
      "gaussian": 0.5240306854248047,
      "masking": 0.03322649002075195,
      "impulse": 0.795203685760498,
      "sinusoidal": -0.09742593765258789
    }
  }
}