{
  "latent_dims": [
    8,
    16,
    32,
    64,
    128,
    256
  ],
  "mse": {
    "fc": [
      3.3299269676208496,
      3.392840623855591,
      3.266265392303467,
      3.2308335304260254,
      3.2861783504486084,
      3.2498223781585693
    ],
    "cnn": [
      3.4737634658813477,
      3.3598999977111816,
      2.958141565322876,
      2.739711046218872,
      2.5717594623565674,
      2.694014549255371
    ],
    "lstm": [
      3.3084962368011475,
      3.3091726303100586,
      3.3202991485595703,
      3.312349319458008,
      3.308704376220703,
      3.3180899620056152
    ],
    "unet": [
      0.0082824332639575,
      0.008618305437266827,
      0.009365541860461235,
      0.010618472471833229,
      0.007848046720027924,
      0.008435656316578388
    ]
  },
  "snr": {
    "fc": [
      -0.8282681703567505,
      -0.7003312110900879,
      -0.6713667511940002,
      -0.695833683013916,
      -0.6177490949630737,
      -0.5241831541061401
    ],
    "cnn": [
      -0.6554365158081055,
      -0.5062874555587769,
      0.00983915664255619,
      0.08864187449216843,
      -0.005858845077455044,
      0.39409786462783813
    ],
    "lstm": [
      -0.3949674665927887,
      -0.45363616943359375,
      -0.16328243911266327,
      -0.4898131489753723,
      -0.770066499710083,
      -0.31864356994628906
    ],
    "unet": [
      11.220980644226074,
      11.105819702148438,
      11.133482933044434,
      10.93824291229248,
      11.396571159362793,
      11.084480285644531
    ]
  }
}