{
  "train_sigma": 0.1,
  "test_sigmas": [
    0.05,
    0.1,
    0.2,
    0.4
  ],
  "snr_improvement": {
    "fc": [
      -13.31256490945816,
      -7.347172558307648,
      -1.4889950156211853,
      3.9750521183013916
    ],
    "cnn": [
      -12.681354314088821,
      -6.695236548781395,
      -0.8769589960575104,
      4.407815217971802
    ],
    "lstm": [
      -12.85180577635765,
      -6.818481832742691,
      -0.8294005393981934,
      5.088198184967041
    ],
    "unet": [
      1.499873161315918,
      4.283632755279541,
      4.777590811252594,
      4.419212818145752
    ]
  }
}